[{"id":1,"name":"Laptop","description":"Device capable of accessing the internet and providing students with a portable and efficient method of accomplishing their tasks","price":120.0,"priority":"MID","amount_needed":197},{"id":2,"name":"Pencils","description":"Tool allowing students to jot down their notes and work","price":2.5,"priority":"LOW","amount_needed":926},{"id":3,"name":"Backpack","description":"A bag that students carry around with them to hold their personal belongings.","price":40.0,"priority":"SEVERE","amount_needed":27},{"id":8,"name":"Colored Pencils","description":"Allows students to create artwork.","price":6.0,"priority":"HIGH","amount_needed":225},{"id":9,"name":"Lunch Voucher","description":"Providers a meal for a student","price":9.0,"priority":"SEVERE","amount_needed":1993},{"id":10,"name":"Notebook","description":"A place for students to take their notes","price":2.0,"priority":"LOW","amount_needed":560},{"id":11,"name":"Calculator","description":"Helps students in math class","price":100.0,"priority":"HIGH","amount_needed":179}]