[{"id":1,"username":"admin","password":"c7ad44cbad762a5da0a452f9e854fdc1e0e7a52a38015f23f3eab1d80b931dd472634dfac71cd34ebc35d16ab7fb8a90c81f975113d6c7538dc69dd8de9077ec","email":"admin@google.com","cart":null,"orders":null},{"id":3,"username":"this is a test","password":"ee26b0dd4af7e749aa1a8ee3c10ae9923f618980772e473f8819a5d4940e0db27ac185f8a0e1d5f84f88bc887fd67b143732c304cc5fa9ad8e6f57f50028a8ff","email":"thisisatest@scam.org","cart":[{"item_id":2,"name":"Pencils","amount":3}],"orders":[{"date":"2024-04-19 14:33:08","items":[{"item_id":1,"name":"Laptop","amount":8,"itemName":"Laptop"}],"nextID":6,"orderCost":960.0,"id":0,"cost":960.0},{"date":"2024-04-21 23:09:16","items":[{"item_id":2,"name":"Pencils","amount":3,"itemName":"Pencils"}],"nextID":6,"orderCost":7.5,"id":1,"cost":7.5},{"date":"2024-04-22 12:50:45","items":[{"item_id":2,"name":"Pencils","amount":5,"itemName":"Pencils"}],"nextID":6,"orderCost":12.5,"id":2,"cost":12.5},{"date":"2024-04-22 18:35:49","items":[{"item_id":1,"name":"Laptop","amount":5,"itemName":"Laptop"}],"nextID":6,"orderCost":0.0,"id":3,"cost":0.0},{"date":"2024-04-22 18:37:27","items":[{"item_id":1,"name":"Laptop","amount":3,"itemName":"Laptop"}],"nextID":6,"orderCost":-1.0,"id":4,"cost":-1.0}]}]